Name,Siblings,# Transits,Rp/Rs,Semimajor axis [AU],Inclincation [Deg],Eccentricity,Arg. of Periastron,Rel. Depth,Chi-sqaure,Depth Recovery RMS [Days],TTV recovery RMS,Failed fitting,Failed injection
Kepler-1655 b,None,119,0.0155892231538461,21.29644133570618,90.0,0.0,-71.0,0.0002975712065621,1.447305781052546e-07,9.597522976013084e-05,0.1171297069776864,False,False
Kepler-424 b,c,441,0.1056123802105263,9.484044227335028,84.21052631578948,0.0,0.0,0.006308678053871,2.2782544204642885e-07,,,False,True
Kepler-1 b,None,595,0.15039873864,7.649764432412207,83.15789473684211,0.0,146.0,0.0157516417185464,3.210199078421422e-07,0.0045283109984906,0.0982202017294808,False,False
Kepler-1656 b,None,44,0.0431816978480392,38.0,89.0,0.0,53.9,0.0019804589052672,2.5837797505787377e-07,0.0001972769639433,0.0757841418716342,False,False
Kepler-229 c,"d, b",89,0.0652176743243243,33.853015379613765,89.47368421052632,0.0,0.0,0.0050745923829509,1.2984764270069557e-06,0.0006402014767727,0.1592371241149931,False,False
Kepler-1642 b,,,,,,,,,,,,True,True
Kepler-493 b,None,485,0.0893854136752136,8.068295789751902,89.47368421052632,0.0,0.0,0.0097600416652389,1.7113266533466495e-05,0.002207498465965,0.1450133374372212,False,False
Kepler-51 d,"b, c",11,0.1000751507553191,117.14670432075752,90.0,0.0,-12.6,0.0122479204783879,1.999802835154692e-05,0.0030997599928739,0.3506858049233817,False,False
Kepler-725 b,None,35,0.1160710891566265,57.12597879405945,89.47368421052632,0.0,0.0,0.0151899300859543,2.5702519482090647e-05,0.0029469693225804,0.2379833882232996,False,False
Kepler-126 d,"b, c",14,0.0185914777205882,70.78664661218934,89.47368421052632,0.0,0.0,0.0003699076692553,7.292864491334584e-09,0.0001027836118462,0.6081766493276554,False,False
Kepler-1658 b,None,373,0.0358896082274247,7.882110495207758,84.21052631578948,0.0,-7.73,0.0012414753990779,3.452235433556186e-07,0.0002453665764926,0.1499154539154208,False,False
Kepler-491 b,None,344,0.0798900304761904,10.731122210177016,87.36842105263158,0.0,0.0,0.0072856456003624,1.448221786197454e-07,0.0018459475016807,0.1390679442970334,False,False
Kepler-63 b,None,150,0.0526109865,20.858106815010093,88.42105263157895,0.0,0.0,0.0030682220420467,5.61077750209856e-05,0.0009704594027753,0.1475107255159015,False,False
Kepler-138 c,"d, b",103,0.0224287335833333,36.03777523402851,89.47368421052632,0.0,206.5,0.0005983679084493,2.477314460486285e-06,0.0001389928734032,0.1180459967317218,False,False
Kepler-506 b,None,202,0.0226018192436974,13.534368885421951,93.6842105263158,0.0,0.0,0.0004508305585777,6.43912344703113e-07,9.179969694124403e-05,0.1140763731602692,False,False
Kepler-44 b,None,449,0.0792203773972602,6.50987375528489,84.21052631578948,0.0,0.0,0.0066806329707804,2.998716171001171e-07,0.0008532519061465,0.1242418839376848,False,False
Kepler-79 d,"b, e, c",28,0.0493042147126436,46.49964642884898,89.47368421052632,0.0,0.0,0.0028300898232765,1.3789521434235818e-07,0.0006058284917174,0.3412100629308047,False,False
Kepler-220 e,"d, b, c",32,0.0304115272173913,70.44636255091935,89.47368421052632,0.0,0.0,0.0009912591016113,1.8122470722489087e-06,0.0001274357443174,0.3470731676655448,False,False
Kepler-538 b,None,17,0.0217005911724137,87.24862786702884,90.0,0.0,140.0,0.0005765974518484,3.761403291569009e-07,0.0001036057577408,0.2778601870247988,False,False
Kepler-492 b,None,124,0.0968099714285714,26.11103209537346,88.42105263157895,0.0,0.0,0.0095793267841951,3.61504632214661e-07,0.0011329959680964,0.0904084824988409,False,False
Kepler-518 b,None,167,0.0350694872131147,20.234161419327013,87.36842105263158,0.0,0.0,0.0009681607767811,5.731661003738813e-07,0.0001758573409993,0.1364574376269983,False,False
Kepler-94 b,c,581,0.0338587394594594,9.03715689533037,88.42105263157895,0.0,0.0,0.0013813009470264,6.736995086271993e-07,0.0082494093602566,0.0348079055966408,False,False
Kepler-1514 b,c,7,0.0846813187445255,114.70467650244092,90.0,0.0,-75.28,0.0087728395902452,1.7057995660550825e-06,0.0018217789353328,0.7126185509666826,False,False
Kepler-13 b,None,834,0.0599021317647058,2.583757399684291,85.0,0.0,66.5,0.0043349531276036,2.511906483142034e-07,0.0020936436589824,0.2297521955446895,False,False
Kepler-696 b,None,339,0.04984078225,9.586844627173884,93.6842105263158,0.0,0.0,0.0027033965378325,,0.0004399258209422,0.1445750079010421,False,False
Kepler-670 b,None,505,0.1222934520833333,8.556482821449586,93.6842105263158,0.0,0.0,0.01669851172722,2.7423495444288724e-06,0.0021038844369069,0.0861179958243697,False,False
Kepler-177 c,b,29,0.0505984321495327,54.280514989249696,90.0,0.0,0.0,0.0031339364251381,1.971737268536632e-07,0.000669901185626,0.2486294817726148,False,False
Kepler-1524 b,None,20,0.0250065034170854,69.41536454417698,90.0,0.0,0.0,0.0007656443848237,3.679352883401306e-05,,,False,True
Kepler-93 b,c,309,0.014056074097826,12.422774285273269,89.47368421052632,0.0,0.0,0.0002411281801707,4.046001825822288e-09,4.556915067083951e-05,0.1299642249278181,False,False
Kepler-450 b,"d, c",50,0.0343774858044164,27.187645814355086,89.47368421052632,0.0,0.0,0.0014238063077471,5.8455300559646883e-08,0.0003324769526063,0.3732233876792564,False,False
Kepler-221 d,"b, e, c",145,0.0437310700666666,23.897226158502978,89.47368421052632,0.0,0.0,0.002312421378962,3.6322438060434514e-05,0.0003657934815032,0.160549588173979,False,False
Kepler-951 b,,,,,,,,,,,,True,True
Kepler-856 b,None,154,0.0894636846153846,18.59672602629766,88.42105263157895,0.0,0.0,0.00907374367525,3.601854946661041e-07,0.0020833902761006,0.1381605339681383,False,False
Kepler-65 c,"d, b, e",249,0.0165096563380281,10.38816703578984,87.36842105263158,0.0,0.0,0.0003130442651688,9.167566447311597e-09,0.0029013095278109,0.0902718446972739,False,False
Kepler-700 b,None,18,0.0584427763636363,65.85844597916494,89.47368421052632,0.0,0.0,0.0037355500460906,4.234576817491681e-07,0.0006047823365584,0.5298089223266027,False,False
Kepler-719 b,None,284,0.077733965116279,13.9270744377375,89.47368421052632,0.0,0.0,0.0073628848613735,1.9687181009963897e-06,0.0015191776752412,0.1967375898709565,False,False
Kepler-460 c,b,7,0.0401884676258992,111.538196348159,90.0,0.0,0.0,0.0019772897021237,3.438645074808828e-07,0.0006828809358433,0.7891078163294929,False,False
Kepler-396 b,c,34,0.0301937192160804,49.20883719398849,89.47,0.0,0.0,0.0010536232510151,5.818187572327983e-05,0.0004367968589983,0.2825135102891536,False,False
Kepler-720 b,None,302,0.0844101043478261,10.07845770801474,93.6842105263158,0.0,0.0,0.0076203254228913,3.673769804809274e-07,0.0009066971281168,0.1103390092976099,False,False
Kepler-412 b,None,848,0.0949490213178294,4.934068262801078,81.05263157894737,0.0,125.0,0.0088739667565104,7.346400597423554e-07,0.0033283480169908,0.1235882966367726,False,False
Kepler-734 b,None,233,0.0424201505747126,15.24997263284895,89.47368421052632,0.0,0.0,0.0021920346722853,3.3445438766839705e-07,0.000314879796639,0.2169777772385252,False,False
Kepler-472 b,None,350,0.0335936893670886,13.038017962142549,89.47368421052632,0.0,0.0,0.0013766994974474,,0.0004673929391895,0.2185643535489571,False,False
Kepler-2 b,None,667,0.0754244738693467,4.111542062431405,83.15789473684211,0.0,184.5,0.0065008082785947,1.7400449895073133e-07,0.0030520181065989,0.2923647025098299,False,False
Kepler-688 b,None,365,0.0901490196610169,11.15250862378663,93.6842105263158,0.0,0.0,0.0083274660391677,9.296104196852264e-07,0.0013973620690197,0.1088126258027634,False,False
Kepler-149 b,"d, c",49,0.040167901058201,40.46925540882066,89.47368421052632,0.0,0.0,0.0019033659830147,8.081811906045691e-07,0.0004068814882399,0.2405978997994891,False,False
Kepler-37 d,"b, e, c",36,0.0225068088461538,58.47217096832726,89.47368421052632,0.0,0.0,0.0005701511750951,1.1693992024244493e-07,0.000118362859871,0.1898226016388844,False,False
Kepler-82 c,"d, e, f, b",28,0.0534691516129032,61.515345506412096,89.47368421052632,0.0,162.0,0.0031816786524997,6.133944566978663e-07,0.0006315944384564,0.326466522276136,False,False
Kepler-462 c,b,7,0.0229473689095127,85.81324592010276,89.47368421052632,0.0,14.9,0.0005110836041655,2.2302567703176973e-08,7.843527415241541e-05,0.3051083042467472,False,False
Kepler-87 b,c,13,0.0677474435733333,65.78546541173974,89.47368421052632,0.0,238.6,0.0050197143190424,1.5733675573504837e-07,0.0004221983299999,0.3679495017120054,False,False
Kepler-643 b,None,85,0.0411551804089219,10.559751313619874,86.3157894736842,0.0,0.0,0.0017830928588471,6.28888721289734e-08,0.0002221585679619,0.4594186016108504,False,False
Kepler-1519 b,None,6,0.060898705,116.16370546162636,90.0,0.0,0.0,0.0045390962208441,2.441856666652043e-07,0.000674992663483,0.501169447802538,False,False
Kepler-799 b,c,11,0.0615288635643564,112.98762158544304,90.0,0.0,0.0,0.0046334789201651,4.929757472484966e-07,0.0008289857816072,0.4246470350738332,False,False
Kepler-302 c,b,12,0.1161861589150943,99.55374362445248,89.47368421052632,0.0,0.0,0.0100033967236461,7.310065850842465e-07,,,False,True
Kepler-516 b,None,58,0.0250075653846153,22.294804327588107,89.47368421052632,0.0,0.0,0.000757553700408,6.499528973562786e-08,0.0003581221658127,0.5098844332702333,False,False
Kepler-127 d,"b, c",30,0.018744772014652,44.09338089589762,89.47368421052632,0.0,0.0,0.0004114656906427,,0.0001446456972323,0.6029099868967075,False,False
Kepler-816 b,None,118,0.1083949144654088,24.1539121906296,89.47368421052632,0.0,0.0,0.014184155981743,5.11801423743077e-06,0.0015380251425648,0.0962278906897647,False,False
Kepler-1628 b,,,,,,,,,,,,True,True
Kepler-11 e,"d, f, g, b, c",45,0.034557358490566,38.96948374988756,89.47368421052632,0.0,204.69,0.0014129399221619,9.024273653528297e-08,0.0002977252148798,0.2280568363240863,False,False
Kepler-732 b,c,150,0.044701023125,30.32847575979775,89.47368421052632,0.0,0.0,0.0023972480709884,,0.0004470820730667,0.128523897612399,False,False
Kepler-1085 b,c,6,0.0514520484466019,154.30113849438456,90.0,0.0,0.0,0.0032405326500718,2.947854380362155e-07,0.0005440906508397,0.4764824721269752,False,False
Kepler-20 c,"d, e, f, g, b",134,0.0298363774193548,21.24886394301549,89.47368421052632,0.0,0.0,0.0010793982783416,1.709908612762597e-07,0.0001731630637064,0.182944795138498,False,False
Kepler-433 b,None,274,0.0596677337110481,7.309870674925414,89.47368421052632,0.0,66.5,0.0043525979722159,2.9133711745700576e-07,0.0006532145623038,0.2401882860404369,False,False
Kepler-247 c,"d, b",150,0.0549705432531645,22.86416511106417,88.42105263157895,0.0,0.0,0.0032655304943893,1.5881730626956694e-06,0.0006460428716533,0.1459416209576459,False,False
Kepler-1446 b,,,,,,,,,,,,True,True
Kepler-26 b,"d, e, c",116,0.0449418447169811,34.64855712899946,89.47368421052632,0.0,0.0,0.0024074856547064,3.115131600732037e-06,0.0007015605574795,0.1570233635130293,False,False
Kepler-531 b,None,48,0.0372046825333333,48.56856762148055,89.47368421052632,0.0,0.0,0.0016036380893006,3.977822092973427e-06,0.0002111765999659,0.2139240350716098,False,False
Kepler-891 b,None,27,0.0534420367149758,59.85577542113061,89.47368421052632,0.0,0.0,0.003197638336549,2.577570123312988e-07,0.0004512373360446,0.2338638371329786,False,False
Kepler-857 b,None,17,0.0705624884210526,82.14223508591604,89.47368421052632,0.0,0.0,0.0049648176697587,3.999837410148001e-07,0.0007101906467962,0.2915396411187098,False,False
Kepler-210 c,b,179,0.0519413296874999,21.52336215479296,89.47368421052632,0.0,0.0,0.0032696376583187,2.938765724215849e-05,0.0004811683494239,0.1373249010403286,False,False
Kepler-12 b,None,320,0.1127387121621621,8.034642705977001,89.47368421052632,0.0,182.0,0.0155170577760113,3.6946731983702986e-07,0.0019664812690239,0.1203759827149253,False,False
Kepler-530 b,None,37,0.0331529319101123,52.81573207183141,89.47368421052632,0.0,0.0,0.0012589642166351,1.5243176393704673e-07,0.0001883521378676,0.2667239593409738,False,False
Kepler-553 b,c,353,0.0471112788888888,11.65951446245696,89.47368421052632,0.0,0.0,0.0027091274830225,,0.0004999485445419,0.1350872655047942,False,False
Kepler-678 b,None,196,0.0516831114942528,18.092350027950456,89.47368421052632,0.0,0.0,0.0032468429282531,1.8227386839860137e-06,0.0008431046615997,0.4426260440571605,False,False
Kepler-487 b,"d, c",95,0.1053290715254237,28.427963158671805,89.47368421052632,0.0,0.0,0.0133265804370372,1.0970464872124276e-06,0.0028380138000945,0.1726818520214192,False,False
Kepler-1624 b,,,,,,,,,,,,True,True
Kepler-890 b,None,28,0.0719874852173912,55.1229931785296,89.47368421052632,0.0,0.0,0.0058905257172364,1.7831407897621678e-07,0.0009160601289825,0.2539786383146179,False,False
Kepler-682 b,None,112,0.0686230258695652,24.728683337383103,89.47368421052632,0.0,0.0,0.0056868451762516,7.3717451852628224e-06,0.0010339546056679,0.2056705865065309,False,False
Kepler-854 b,None,680,0.1212338592307692,5.5246690533016425,89.47368421052632,0.0,0.0,0.0179522209971771,1.1738580055282547e-05,0.0056394661832345,0.2565496947850537,False,False
Kepler-548 b,None,319,0.1193487206521739,11.569658083180183,93.6842105263158,0.0,0.0,0.0142665864818634,9.359105519388016e-07,0.0017944442877738,0.072869593652596,False,False
Kepler-547 b,None,236,0.0445509729729729,16.85386173405664,88.42105263157895,0.0,0.0,0.002287346993636,4.4145075625987634e-07,0.0003578598125538,0.1031379935705519,False,False
Kepler-867 b,None,10,0.0448840358024691,136.8240836509635,90.0,0.0,0.0,0.0024662070695982,2.649437962062647e-07,0.0004230856167491,0.4471816493070534,False,False
Kepler-152 b,c,78,0.0371730322368421,36.03201170498557,89.47368421052632,0.0,0.0,0.0016434733159484,7.199741055447397e-08,0.0002997171456116,0.1790533523033639,False,False
Kepler-86 b,None,5,0.0881232388571428,192.36833580330045,90.0,0.0,3.44,0.0094997539114977,7.987356833739222e-07,0.0012063612845955,0.3285119272348584,False,False
Kepler-509 b,None,34,0.020399830460251,43.40228066928728,89.47368421052632,0.0,0.0,0.0004880630548774,,8.740093243598962e-05,0.2288688515739141,False,False
Kepler-6 b,None,455,0.0949845162790697,7.397768564294318,87.36842105263158,0.0,0.0,0.0107003095716637,2.847683704043776e-07,0.0015986879712159,0.1259866006939889,False,False
Kepler-48 c,"d, b, e",152,0.027061517977528,21.164950272152023,89.47368421052632,0.0,0.0,0.000888048475549,,0.0001763015929718,0.1735850239180313,False,False
Kepler-820 b,None,11,0.038406531301939,60.78079845228403,90.0,0.0,0.0,0.0018058639459774,2.013881524926453e-07,0.0006270218130038,0.5809726176432629,False,False
Kepler-747 b,None,40,0.0679313489743589,52.82068815432109,89.47368421052632,0.0,0.0,0.0052821219153417,2.9442086670420542e-06,0.0009190453680327,0.413198664656146,False,False
Kepler-25 c,"d, b",112,0.0286169614126394,18.06588794003097,90.0,0.0,0.0,0.0010026693198915,1.3514597123724602e-08,0.0313257069605481,0.2831748946066763,False,False
Kepler-495 b,c,428,0.0568854776470588,10.270941621460398,88.42105263157895,0.0,0.0,0.003878933339267,3.923171333806071e-07,0.0011711264590843,0.1566237058910373,False,False
Kepler-511 b,c,5,0.0478637964264705,143.012110477385,90.0,0.0,0.0,0.0028044323414353,1.1080529420667469e-07,0.0003231718555672,0.5356525552683135,False,False
Kepler-96 b,None,88,0.0199618580631578,28.45213268200509,88.42105263157895,0.0,0.0,0.0003883119597524,1.2032242378285167e-06,0.000155927800514,0.1949982940493678,False,False
Kepler-490 b,None,445,0.0901955179059829,8.527765937232077,90.0,0.0,0.0,0.0099513586995719,4.72742956009831e-07,0.001501522764227,0.0963036120103648,False,False
Kepler-149 d,"b, c",9,0.0338352915789473,125.0920535140025,90.0,0.0,0.0,0.0014016279953786,1.5984081426631144e-07,0.0003978665634158,0.2634444092494517,False,False
Kepler-564 b,None,379,0.0446317378947368,10.955316004845235,93.6842105263158,0.0,0.0,0.0020637644110189,3.961883285540855e-06,0.0006388602170445,0.1130616189828565,False,False
Kepler-560 b,None,77,0.0445502757746478,55.48432072760055,89.47368421052632,0.0,0.0,0.0022549580963496,,0.0004937567053609,0.1095944365639751,False,False
Kepler-841 b,None,12,0.0570829966666666,119.30295536038612,90.0,0.0,0.0,0.0039883328602741,7.051256403318886e-07,0.0006761751285834,0.1952866438653549,False,False
Kepler-1515 b,None,6,0.0605966957446808,113.69246640776508,90.0,0.0,0.0,0.0044942098464419,8.750583705226097e-08,0.000653566981452,0.3861891565061806,False,False
Kepler-1625 b,,,,,,,,,,,,True,True
Kepler-468 b,None,38,0.1398630545454545,54.07566820714308,89.47368421052632,0.0,0.0,0.0222418023852499,2.148494444407526e-05,0.0033593969495071,0.1622436896306049,False,False
Kepler-667 b,None,34,0.0499748771428571,46.85650308565842,89.47368421052632,0.0,0.0,0.002905095895451,,0.0007567410913559,0.5906373343158973,False,False
Kepler-1513 b,None,9,0.0775336198453608,120.06324424497254,90.0,0.0,0.0,0.0073554333498565,1.315919718860288e-06,0.000786515564818,0.3058544545133755,False,False
Kepler-1540 b,,,,,,,,,,,,True,True
Kepler-985 b,None,13,0.0380313894117647,117.28099841647884,90.0,0.0,0.0,0.0017707651796694,,0.000579032255057,0.3972845596678923,False,False
Kepler-486 b,None,48,0.1308242857142857,48.1727597481489,90.0,0.0,0.0,0.0209121195837586,8.092363422349356e-07,0.0025789245858303,0.1660519411366228,False,False
Kepler-1000 b,None,13,0.0314669597993311,75.42661941034577,89.47368421052632,0.0,0.0,0.0010335657699149,,0.0011915382502139,0.4337646911278,False,False
Kepler-108 b,c,30,0.0331558919178082,28.74457830859203,89.47368421052632,0.0,0.0,0.0013218347911276,4.417335565670734e-08,0.0002071296843297,0.420589475007644,False,False
Kepler-423 b,None,544,0.1235907929166666,8.466886142690953,88.42105263157895,0.0,120.26,0.0184054312902196,1.173017305210954e-06,0.0063905997294531,0.1393987537358232,False,False
Kepler-803 b,None,29,0.0319919650655021,47.90800926042475,89.47368421052632,0.0,0.0,0.0011877844123763,,0.0001860805982135,0.2934057714615068,False,False
Kepler-685 b,None,874,0.0764537125714285,5.570353513679672,88.42105263157895,0.0,0.0,0.0071094279601829,9.907278749865727e-07,0.0030454538684245,0.1630090745691055,False,False
Kepler-122 c,"d, e, f, b",117,0.0436799203361344,19.208323264624216,89.47368421052632,0.0,0.0,0.0023172773923126,1.2448122420599365e-07,0.0003978697197501,0.231344426519043,False,False
Kepler-221 e,,,,,,,,,,,,True,True
Kepler-1520 b,,,,,,,,,,,,True,True
Kepler-10 c,b,33,0.0198704811320754,48.727069217714686,89.47368421052632,0.0,0.0,0.0004573288674707,4.3250886202371535e-08,9.485153852626852e-05,0.3695212702256683,False,False
Kepler-74 b,None,199,0.0906230729166666,11.961156614277698,86.3157894736842,0.0,62.0,0.0080787355302811,4.0821938233888964e-07,0.0008120503185959,0.1015410816537034,False,False
Kepler-101 b,c,408,0.0338071758333333,6.450960870621678,85.26315789473684,0.0,231.0,0.001288320345844,3.8598208060931566e-08,0.0002549185588588,0.2076554886162906,False,False
Kepler-522 b,None,37,0.0360274063556851,30.40540352042288,89.47368421052632,0.0,0.0,0.0015571875628885,1.0138820523559756e-06,,,False,True
Kepler-117 b,c,77,0.0455704595238095,21.54708698962751,89.47368421052632,0.0,254.3,0.0025169032864403,3.451148580486944e-07,0.0004053410348939,0.3133263060496982,False,False
Kepler-396 c,b,16,0.0491478572864321,79.63749014486059,89.47368421052632,0.0,0.0,0.0024547045303118,4.0468153909761136e-05,0.0011539497532097,0.4368806707178037,False,False
Kepler-782 b,None,9,0.0262755546153846,104.6121631782866,90.0,0.0,0.0,0.0008453205086746,6.923601288059659e-08,0.0001403671839751,0.4904497815142259,False,False
Kepler-39 b,None,66,0.0912422023655913,23.722888362931336,88.42105263157895,0.0,98.9,0.0088711390443131,1.5072966526193554e-06,0.0013887175771209,0.2522308389050298,False,False
Kepler-108 c,b,7,0.0306720226027397,70.91638491334106,89.47368421052632,0.0,0.0,0.001005996050673,2.7123537116014066e-08,0.0001593670116225,0.595266006500723,False,False
Kepler-533 b,None,50,0.040198735064935,50.29515380082097,89.47368421052632,0.0,0.0,0.0018636929979258,1.0873813199409823e-06,0.0003511925841621,0.2211805206018753,False,False
Kepler-30 c,"d, b",23,0.1287972611494253,74.09954287403752,90.0,0.0,-49.0,0.0202704507789923,2.104511756130865e-05,0.0029081537676275,0.2075308729084794,False,False
Kepler-27 c,"d, b",46,0.0695231036470588,48.92611107365619,89.47368421052632,0.0,0.0,0.0055911947114601,6.952675417270456e-05,0.0011102779104261,0.2378603481775497,False,False
Kepler-628 b,None,92,0.0596874205673758,18.925868653526013,89.47368421052632,0.0,0.0,0.0043270046227693,4.09079930205117e-07,0.0005591507917817,0.2893090115240042,False,False
Kepler-238 e,"d, f, b, c",61,0.0539504818253968,28.05655997698952,89.47368421052632,0.0,0.0,0.0035020275626129,3.865692043780735e-07,0.0005950723188747,0.3471959657887939,False,False
Kepler-554 b,None,747,0.0424602176344086,6.797786723880909,88.42105263157895,0.0,0.0,0.0021874621403203,2.567383790660287e-07,0.0008160754950362,0.1426337608104439,False,False
Kepler-553 c,b,5,0.1084576936666666,218.99817533377148,90.0,0.0,0.0,0.0143824778030898,2.929321000178203e-06,0.0016846990605292,0.390758701121602,False,False
Kepler-111 c,b,7,0.0546177859310344,138.45467454791185,90.0,0.0,0.0,0.0036514155633167,4.554310234699829e-07,0.0004078025260391,0.4212844198718318,False,False
Kepler-410 A b,None,80,0.0168340073529411,22.51511833275801,88.42105263157895,0.0,0.0,0.0003079340889186,9.230975057224965e-08,7.699046378674046e-05,0.2332663783886852,False,False
Kepler-7 b,None,299,0.0806617616161616,6.700745550797265,85.26315789473684,0.0,0.0,0.0072685223298026,1.0446490405567673e-07,0.0008124718509695,0.1601716672487164,False,False
Kepler-471 b,None,291,0.0736111305343511,10.32482032473546,89.47368421052632,0.0,0.0,0.006615491131109,4.707133592115373e-07,0.0010889466049038,0.1579440289543438,False,False
Kepler-314 c,b,244,0.0259032085714285,15.35943064433733,88.42105263157895,0.0,0.0,0.0007821801526274,4.739432271993947e-06,0.0001767004213856,0.1362992367887088,False,False
Kepler-102 e,"d, f, b, c",91,0.031185681081081,32.80691361681025,89.47368421052632,0.0,0.0,0.0011627664543654,2.625140259162907e-06,0.0001582521216454,0.1600731296258219,False,False
Kepler-463 b,None,162,0.0276713841130434,14.902654533001384,90.0,0.0,0.0,0.0009375088070097,2.907661851349033e-08,0.0001629022314182,0.0961565245642613,False,False
Kepler-976 b,None,14,0.0433426546583851,112.43103231654923,90.0,0.0,0.0,0.0022997595785914,,0.0004342044115543,0.367147468984419,False,False
Kepler-15 b,None,295,0.098628429,12.251449853455672,88.42105263157895,0.0,0.0,0.0115403967931326,3.520643301058684e-07,0.0012695264044661,0.0801771284976536,False,False
Kepler-465 b,None,147,0.0213479498360655,16.656169461031382,88.42105263157895,0.0,0.0,0.000526179835665,,9.619969245900626e-05,0.2022121268105967,False,False
Kepler-14 b,None,214,0.043635323707317,8.218419255499326,87.36842105263158,0.0,0.0,0.0022433398187354,4.002456627630119e-08,0.0003584926509082,0.2797770188966852,False,False
Kepler-855 b,None,157,0.0741452377192982,14.373193518753569,89.47368421052632,0.0,0.0,0.0066973853323036,1.8575994459575828e-05,0.0012242736242875,0.2242400204107568,False,False
Kepler-562 b,None,79,0.0526824988764045,32.206482548834074,89.47368421052632,0.0,0.0,0.0033204166266154,1.6494001593435968e-07,0.0003736384435585,0.1880233336141419,False,False
Kepler-46 b,"d, c",42,0.0695591320430107,45.2260912650036,89.47368421052632,0.0,264.2,0.0056474245348105,3.8776576362036405e-06,0.0007478605121426,0.1600729545371805,False,False
Kepler-103 c,b,8,0.0342308510344827,95.28143354883744,89.6,0.0,0.0,0.0012433932460039,7.30939403521709e-08,0.0002080727859173,0.562983070151319,False,False
Kepler-435 b,None,165,0.0616768035634743,8.237307125069997,89.47368421052632,0.0,104.0,0.0046490760545839,1.0639294559111873e-07,0.0006632486441762,0.267350244547637,False,False
Kepler-494 b,None,182,0.0543437197368421,20.371455380910565,89.47368421052632,0.0,0.0,0.0035827525650848,9.370003397859838e-07,0.0007164844111726,0.2301255318848348,False,False
Kepler-130 c,"d, b",52,0.0224995215517241,32.430908169978814,89.47368421052632,0.0,0.0,0.0006056238768534,2.4909385010987035e-08,8.592637703800019e-05,0.2446114797596986,False,False
Kepler-550 b,None,165,0.0480919705521472,19.70907063539629,89.47368421052632,0.0,0.0,0.0028077077582355,6.027126827673305e-06,0.0005113747122056,0.1627591051397001,False,False
Kepler-422 b,None,180,0.0912077379032258,14.046447056998815,88.42105263157895,0.0,0.0,0.0097699106241891,2.185065005434828e-07,0.0026784268468126,0.1593475524142636,False,False
Kepler-20 d,"e, f, g, b, c",19,0.0257991118279569,78.8681990311489,89.47368421052632,0.0,0.0,0.0006803520549628,9.74698140559149e-08,0.0001574912515604,0.3997737043781906,False,False
Kepler-75 b,None,160,0.1146793795454545,19.206269864805453,90.0,0.0,63.5,0.0160771513193676,2.4862253479078e-05,0.0038054641504728,0.0764266772099122,False,False
Kepler-51 b,"d, c",32,0.0819808994680851,57.82989035791351,89.47368421052632,0.0,53.3,0.0075708908415177,2.227193873071893e-05,0.0021911106396464,0.2285289708973097,False,False
Kepler-1442 b,None,18,0.0262902304166666,56.41604205835348,89.47368421052632,0.0,0.0,0.0007831768431294,1.80069732512706e-07,0.0005329467942772,0.9180503618436378,False,False
Kepler-397 c,b,11,0.0595002994594594,136.8504514423099,90.0,0.0,0.0,0.004333122712481,8.482064138185738e-07,0.0005427296359778,0.2629893488572255,False,False
Kepler-673 b,None,381,0.0637986433333333,12.105506818944384,89.47368421052632,0.0,0.0,0.0049659405880546,4.204133679028553e-07,0.0007521453216977,0.1303090036451481,False,False
Kepler-257 d,"b, c",57,0.0425235808695652,36.97615977291122,89.47368421052632,0.0,0.0,0.0021469932945727,4.559315683765437e-05,0.0003945844662987,0.1860739441020185,False,False
Kepler-434 b,None,111,0.1956491728888888,17.314060410779664,86.3157894736842,0.0,82.0,0.0038029281472543,9.547140027279125e-08,,,False,True
Kepler-448 b,c,81,0.0893181006666666,20.97279056382115,89.47368421052632,0.0,228.0,0.0096665058417027,3.712872908840594e-07,0.0024213937765445,0.3140935203044532,False,False
Kepler-942 b,None,33,0.0278745334246575,66.12971303445511,89.47368421052632,0.0,0.0,0.0008493901989939,1.5939247915107025e-07,0.0001713142214383,0.303391962184191,False,False
Kepler-419 b,c,21,0.3179638135491329,45.11943730319209,88.42105263157895,0.0,96.5,0.0039848267763973,5.208513927023465e-07,,,False,True
Kepler-248 c,b,88,0.0461195012048192,31.840284779092546,89.47368421052632,0.0,0.0,0.0025462695617866,,0.0006319152850584,0.2390852986525458,False,False
Kepler-858 b,None,19,0.0497068265319148,76.74813376218346,90.0,0.0,0.0,0.0030244958239733,2.478922183588881e-07,0.00038200494283,0.2213041092860549,False,False
Kepler-718 b,None,693,0.1103874108108108,6.412216360888215,84.21052631578948,0.0,0.0,0.0130177442303729,1.7651859068901314e-06,0.0017057369322591,0.0696597769604615,False,False
Kepler-706 b,None,34,0.1421208839759036,56.01195743889185,89.47368421052632,0.0,0.0,0.0228235528704274,2.079820354143866e-06,0.0034629097120455,0.1620030688062523,False,False
Kepler-762 b,None,328,0.1083106154545454,9.500506009461017,89.47368421052632,0.0,0.0,0.0143159442191227,3.309792019887249e-05,0.0044498489564218,0.238306474438962,False,False
Kepler-4 b,None,457,0.0247198045751633,6.183927631968493,87.36842105263158,0.0,0.0,0.0007326569381732,1.8680189802804973e-08,0.0001527020839854,0.2254717584816466,False,False
Kepler-428 b,None,404,0.1375973405063291,11.758713485690148,88.42105263157895,0.0,0.0,0.022486847757732,8.673838048589107e-07,0.0024983281673605,0.074876359731198,False,False
Kepler-19 b,"d, c",157,0.0233252005882352,21.07313884403082,89.47368421052632,0.0,59.1,0.0006598278453234,2.8570964216461424e-08,0.0001644479227953,0.1717057777362381,False,False
Kepler-952 b,None,11,0.0645481844554455,110.34762439746588,90.0,0.0,0.0,0.0050991362663342,6.051451303061038e-07,0.0009751127486151,0.2565904399244075,False,False
Kepler-714 b,None,175,0.0765084209090909,16.166498909103417,89.47368421052632,0.0,0.0,0.0071223515021346,3.843396892964701e-07,0.0007381971278671,0.158638479765721,False,False
Kepler-466 b,c,28,0.0248381014150943,53.616004971865074,89.47368421052632,0.0,0.0,0.0007050775976047,,0.0001085646102006,0.2566323464253494,False,False
Kepler-1521 b,None,31,0.034021482739726,75.96816477321146,89.47368421052632,0.0,0.0,0.001204313130929,7.963022535921749e-05,0.0005802758131561,0.1722648244795635,False,False
Kepler-119 b,c,602,0.0392472857142857,8.780474518346173,89.47368421052632,0.0,0.0,0.001882699392429,1.0096913710872477e-07,0.0004099304659636,0.1419980967942102,False,False
Kepler-539 b,c,11,0.0802262718421052,110.88862212342316,90.0,0.0,0.0,0.0078747745586779,3.2871412173709874e-05,0.0015748742140435,0.4243987337945351,False,False
Kepler-699 b,None,51,0.1402097738823529,43.20878889028168,90.0,0.0,0.0,0.0240125300087619,5.217924574913202e-06,0.0051319227593939,0.1449947582742709,False,False
Kepler-118 c,b,72,0.0666801927108433,35.75231325886714,90.0,0.0,0.0,0.0054413558333303,2.2816325688061127e-06,0.0010813651846207,0.1341842248734659,False,False
Kepler-1657 b,None,10,0.1014978416666666,119.14118357929414,90.0,0.0,154.7,0.0125981463481628,2.746509400933689e-06,0.0020342003508602,0.1860258791945165,False,False
Kepler-77 b,None,408,0.0976173819191919,10.208591276741377,88.42105263157895,0.0,0.0,0.0114152459822768,5.070457989499726e-07,0.0017555237380497,0.1083626758340659,False,False
Kepler-730 b,c,219,0.0751255566371681,13.586979532813803,89.47368421052632,0.0,0.0,0.0068787820113517,4.881323879619589e-07,0.0008778276244564,0.1469192639160141,False,False
Kepler-117 c,b,29,0.0695349248611111,42.6778846486962,89.47368421052632,0.0,305.0,0.0056752635213777,5.468919209803266e-07,0.0008802657906,0.3518497108740879,False,False
Kepler-849 b,None,4,0.0409242474254742,129.18238534773383,90.0,0.0,0.0,0.0020503376522723,4.518897199541667e-08,0.0002597551030627,0.8899520965314096,False,False
Kepler-693 b,None,91,1.1768263263513512,31.47022803100576,86.3157894736842,0.0,0.0,0.0198848560943833,3.588477805745313e-06,,,False,True
Kepler-840 b,None,584,0.1414160211538461,7.34003560599582,89.47368421052632,0.0,0.0,0.0243981696375283,5.428346606825825e-05,0.0064289500898743,0.221117428586538,False,False
Kepler-636 b,None,88,0.0481680931230769,33.80965133218131,90.0,0.0,0.0,0.0028401941615353,9.642097166630372e-06,0.0006034512444409,0.1335208372911107,False,False
Kepler-18 c,"d, b",191,0.0434336628571428,14.929366586295886,88.42105263157895,0.0,0.0,0.0022052099158277,1.512694366325047e-07,0.0006103094887733,0.1429541410448224,False,False
Kepler-425 b,None,384,0.1096717325301205,12.046975119835666,87.36842105263158,0.0,0.0,0.013421112800669,5.173118528400417e-07,0.0016867376941445,0.0724679731942088,False,False
Kepler-817 b,None,310,0.0757162412371133,10.92894745435219,93.6842105263158,0.0,0.0,0.0059377070803128,1.325512421786426e-06,0.0010228533150952,0.1244672246284777,False,False
Kepler-603 c,"d, b",11,0.0579447389380531,94.0432112761426,90.0,0.0,0.0,0.0041096038550832,8.031680906642064e-07,0.0009768100234574,0.505651163428611,False,False
Kepler-950 b,None,15,0.080434332565445,89.90815621777439,90.0,0.0,0.0,0.0079156425539184,1.4522104169591326e-06,0.0010459640620926,0.215733170576768,False,False
Kepler-1490 b,None,16,0.1075375628571428,104.05316105600164,89.47368421052632,0.0,0.0,0.0065629047493573,3.2053342928032304e-05,0.0005542048023259,0.4672217489813527,False,False
Kepler-40 b,None,207,0.0575746059225512,7.876344024267014,87.36842105263158,0.0,0.0,0.0039177229286414,2.1765935607430694e-07,0.0005233519291288,0.2796157420952795,False,False
Kepler-540 b,None,8,0.0229308807999999,100.91023057884472,89.8,0.0,0.0,0.0006229160847501,3.0906373170269725e-08,7.67187274779814e-05,0.4229375238426304,False,False
Kepler-68 b,"d, c",263,0.0170599088709677,10.716918865710207,87.36842105263158,0.0,0.0,0.0003326931564013,3.8933238238340574e-09,9.223453356312674e-05,0.1945290683613154,False,False
Kepler-420 b,None,17,0.0770844073255813,88.50068217661021,90.0,0.0,141.3,0.0072705137564184,3.338318039148169e-07,0.0010766416587795,0.1521922978172951,False,False
Kepler-546 b,None,335,0.0562328190082644,8.921163518049815,86.3157894736842,0.0,0.0,0.0035070396601908,1.4641142690456944e-07,0.0004453271473923,0.1277905240724575,False,False
Kepler-90 h,"d, e, f, g, i, b, c",5,0.082275066225,169.63339189372255,90.0,0.0,0.0,0.0082817683452024,6.91299869858908e-07,0.001002771381477,0.4896656277499501,False,False
Kepler-30 d,"b, c",11,0.0985242206896551,131.8863111327099,90.0,0.0,-163.0,0.0118716919682857,4.765992539336927e-05,0.0020059695866653,0.3291387182697041,False,False
Kepler-71 b,None,374,0.1330438887640449,11.718037536522523,88.42105263157895,0.0,0.0,0.0210313307449684,8.372318403866314e-06,0.0062420674395557,0.1467602520306215,False,False
Kepler-488 b,None,466,0.132878227,9.203370842086928,85.26315789473684,0.0,0.0,0.0174100419747661,4.216799291978431e-05,0.0021092253929792,0.0848314307162451,False,False
Kepler-767 b,None,9,0.2935822228723405,131.14666195487266,89.47368421052632,0.0,0.0,0.0050944497338238,4.834833402925448e-07,,,False,True
Kepler-297 c,,,,,,,,,,,,True,True
Kepler-517 b,None,24,0.0202173838461538,59.54733111343088,90.0,0.0,0.0,0.0005004755593946,1.5034907868575878e-07,0.0001098687981939,0.267454388974391,False,False
Kepler-497 b,None,408,0.0504521435185185,9.09904048726576,87.36842105263158,0.0,0.0,0.0029704248582741,1.9514545343439925e-07,0.0008650195377204,0.1700652898777728,False,False
Kepler-5 b,None,414,0.0786121662921348,6.040225534289961,86.3157894736842,0.0,0.0,0.0072585812923194,1.5031010865900817e-07,0.0028222250073199,0.2797823202919803,False,False
Kepler-807 b,None,12,0.0979465074107142,92.32937746077276,89.47368421052632,0.0,0.0,0.0086412420709159,2.695146964130456e-07,0.0007041486717045,0.1826423141035624,False,False
Kepler-686 b,None,891,0.114666094680851,5.901942924185792,84.21052631578948,0.0,0.0,0.0144069999356656,2.088136194209067e-06,0.0020837891204197,0.0769740351508007,False,False
Kepler-489 b,None,85,0.0948958979865771,34.69375823931659,89.47368421052632,0.0,0.0,0.0107218952006531,6.651397279745515e-07,0.0018490183627225,0.1266147745325248,False,False
Kepler-3 b,c,300,0.0570789801315789,14.995654655392498,88.42105263157895,0.0,19.0,0.0038058644875741,2.06827249744511e-05,0.0009289361649696,0.1055942162091274,False,False
Kepler-427 b,None,142,0.0970858179844961,15.585654816618268,87.36842105263158,0.0,0.0,0.0096602308382977,2.9406779370056774e-07,0.0009944637696581,0.1136681794876972,False,False
Kepler-289 c,"d, b",11,0.1021819365196506,97.01794427258103,90.0,0.0,0.0,0.0127683514509441,1.4887116849266548e-05,0.0027730135512843,0.371654156456272,False,False
Kepler-45 b,None,579,0.1652881598181817,11.549174795040264,88.42105263157895,0.0,236.0,0.0324409760783787,4.935672645307537e-05,0.0057131235024222,0.0697239063510822,False,False
Kepler-695 b,None,468,0.0956689849367088,10.179997323259526,86.3157894736842,0.0,0.0,0.0097477485320649,2.480155866936709e-06,0.0012846578085258,0.057862598447968,False,False
Kepler-723 b,None,349,0.1242013062499999,12.821284730360585,89.47368421052632,0.0,0.0,0.0187858310178257,2.5109728146712283e-06,0.0026036379238705,0.081019927110976,False,False
Kepler-418 b,c,17,0.0913081500917431,76.74078833858816,89.47368421052632,0.0,4.35,0.0086110929383145,1.9072451374044217e-06,0.0013797284283918,0.3511100955835414,False,False
Kepler-90 g,"d, e, f, i, b, c, h",7,0.2526762058333333,127.22728383726088,89.47368421052632,0.0,0.0,0.004356388251564,1.6667287050705548e-06,,,False,True
Kepler-702 b,None,135,0.0932220958083832,22.662058148291727,89.47368421052632,0.0,0.0,0.0105118577525453,1.0294709027795523e-06,0.0020929736722384,0.1195834227726965,False,False
Kepler-953 b,c,17,0.0391033789999999,63.31448332387004,90.0,0.0,0.0,0.0018719777859322,2.127147870715084e-07,0.0002778589931874,0.4496437881504309,False,False
Kepler-148 d,"b, c",28,0.0856572010714285,67.14631096682803,89.47368421052632,0.0,0.0,0.0079713301772743,4.230439403464043e-06,0.0011151091292251,0.1529270385416121,False,False
Kepler-41 b,None,784,0.091936125490196,6.066222191246367,85.26315789473684,0.0,0.0,0.0096184943178359,5.491201943613189e-07,0.0012294978411387,0.0792580402450067,False,False
Kepler-561 b,c,24,0.068756207486631,67.10839151684156,89.47368421052632,0.0,0.0,0.0051405633032374,1.0069413019671497e-06,0.0006144887015325,0.2094811174919706,False,False
Kepler-18 d,"b, c",99,0.0521552819047619,23.26441761595628,88.42105263157895,0.0,0.0,0.0029232949732849,2.519019901040892e-07,0.0005668297815395,0.1545882938822684,False,False
Kepler-8 b,None,418,0.0951417422818792,6.82618454542294,84.21052631578948,0.0,0.0,0.0094466353071016,2.568601327898501e-07,0.002979551467821,0.1834556007967152,False,False
Kepler-426 b,None,453,0.1057865301098901,9.924555185571814,86.3157894736842,0.0,0.0,0.0120170893361355,7.738773386184173e-07,0.0019009170344713,0.0747194682706236,False,False
Kepler-785 b,None,716,0.1521843236363636,8.112572003963628,93.6842105263158,0.0,0.0,0.0260905269411652,1.5682816807814782e-05,0.00462698102737,0.0783339354308974,False,False
Kepler-470 b,None,60,0.074595834437086,25.6899192287009,89.47368421052632,0.0,0.0,0.0067118140470759,3.473493752115174e-07,0.0009815620655164,0.2399525338286102,False,False
Kepler-17 b,None,982,0.1202995366930693,5.493961889979948,89.47368421052632,0.0,0.0,0.0176772127773079,8.33394593461705e-05,0.0086810908102845,0.1434670492949731,False,False
Kepler-485 b,None,450,0.1188756676190476,9.072303700588582,88.42105263157895,0.0,0.0,0.0169937720106595,8.213611578355018e-07,0.0053936919424074,0.1766589506942684,False,False
Kepler-43 b,None,483,0.0842847574074074,7.008451316230959,84.21052631578948,0.0,52.0,0.0073307800824368,1.0048620130977589e-06,0.0007996091856085,0.0766011507528038,False,False
